"Index","X","Y","ExpectedX","ExpectedY","Dx","Dy","Error"
"1","17.402","71.01","17.3930250068366","70.9719580007358","0.0089749931634131","0.0380419992642231","0.039086368599583"
"2","6.749","73.065","6.73254948400022","72.9030236289904","0.0164505159997796","0.161976371009644","0.162809595055429"
"3","5.087","73.657","5.08075346559272","73.6271856583781","0.00624653440728373","0.0298143416218721","0.0304616834473585"
"4","0.19","74.764","0.167494836315112","74.6565841763434","0.0225051636848881","0.107415823656567","0.10974808228075"
"5","-5.374","75.39","-5.3216953510682","75.6729125624426","-0.0523046489317958","-0.282912562442561","0.287706959053295"
"6","-9.438","76.15","-9.40614112802695","76.3440826788959","-0.0318588719730517","-0.19408267889591","0.196680131103292"
"7","-12.801","77.171","-12.8338086568341","77.0194588873623","0.0328086568341028","0.151541112637688","0.155051980905522"
"8","-18.528","78.214","-18.4636553209228","78.434124645959","-0.0643446790772089","-0.220124645959046","0.229336210582072"
"9","-24.875","79.671","-24.8338165033683","79.8853377620529","-0.0411834966317457","-0.214337762052864","0.218258462921022"
"10","-27.34","80.973","-27.4629231219751","80.520883744097","0.122923121975099","0.452116255903036","0.468528764077388"
"11","-33.423","82.319","-33.4339452892808","82.2850922957448","0.0109452892807909","0.0339077042552276","0.0356304892655177"
"12","-40.186","84.008","-40.1540486433785","84.137093455754","-0.0319513566214837","-0.129093455754003","0.132988757075415"
"13","-46.135","85.996","-46.1735020690888","85.8644594637645","0.0385020690888069","0.131540536235491","0.13705955638787"
"14","-52.106","88.072","-52.1253421458505","87.9997158598291","0.0193421458504588","0.0722841401708791","0.0748272378639204"
"15","-57.542","89.66","-57.5946549615541","89.4632214909816","0.0526549615540901","0.196778509018358","0.203701562555987"
"16","-63.727","91","-63.6338397144051","91.3043236513355","-0.0931602855948981","-0.304323651335466","0.318263607052822"
"17","-70.788","93.883","-70.8621732002153","93.6558580445429","0.0741732002153412","0.227141955457071","0.238945875794179"
"18","-79.142","96.416","-79.243293968185","96.0134134459423","0.101293968184976","0.402586554057692","0.415134196975756"
"19","-87.105","97.908","-87.0954191271185","97.9608384187637","-0.00958087288152853","-0.0528384187637414","0.0537000151082335"
"20","-96.837","100.497","-96.969233167555","99.7442136673869","0.132233167554958","0.752786332613141","0.764312026053993"
"21","-108.995","101.167","-108.95657350722","101.58607039086","-0.0384264927798057","-0.419070390859758","0.420828454174272"
"22","-122.305","104.032","-122.352868898777","102.513015093475","0.0478688987773523","1.51898490652478","1.51973898341796"
"23","-132.818","102.274","-132.827158415718","102.660264218749","0.00915841571818987","-0.386264218749403","0.386372777592514"
"24","-147.653","103.427","-147.47948449486","101.950760499516","-0.173515505140273","1.47623950048423","1.4864019285893"
"25","-160.673","99.801","-160.760056022976","100.222664233593","0.0870560229755881","-0.421664233592992","0.430557170452301"
"26","-176.518","97.694","-176.223035493796","96.8121106539714","-0.294964506203513","0.881889346028615","0.929910145421944"
"27","-191.502","91.824","-191.451563583935","91.7076272909439","-0.0504364160650255","0.116372709056108","0.126832328207527"
"28","-209.758","84.186","-209.515095706862","83.7624074752823","-0.242904293138423","0.423592524717705","0.488296142337615"
"29","-226.968","73.485","-227.0357957078","73.5702681483906","0.0677957078004283","-0.0852681483906252","0.108935371326887"
"30","-245.438","59.97","-244.514153736068","59.0619717009496","-0.923846263931807","0.908028299050379","1.29537921523278"
"31","-260.091","41.067","-260.489119987514","41.3670227148586","0.398119987513724","-0.300022714858592","0.498510936579176"
"32","-271.508","27.88","-270.062178623265","27.0820384192016","-1.44582137673518","0.797961580798404","1.65140610930646"
"33","-277.919","9.213","-278.382633533362","9.39254196386216","0.463633533362497","-0.17954196386216","0.497183437018647"
"34","-282.838","-1.754","-281.855725509964","-1.96665411085241","-0.982274490035991","0.212654110852414","1.00502982276045"
"35","-284.05","-19.313","-284.100777094952","-19.3104452438173","0.0507770949520818","-0.00255475618273593","0.0508413232609652"
"36","-284.049","-24.968","-283.973138694864","-24.9588719425551","-0.0758613051360157","-0.00912805744485112","0.0764085011609061"
"37","-281.893","-38.886","-281.052039342573","-38.608623231275","-0.840960657426535","-0.277376768724984","0.885523968714334"
"38","-278.977","-40.752","-280.008730043052","-41.3594536760605","1.03173004305239","0.607453676060473","1.19727475973407"
"39","-274.592","-52.347","-273.156810124757","-51.011404152506","-1.43518987524311","-1.33559584749396","1.9605066298902"
"40","-268.381","-52.168","-269.549044134984","-54.0486766116256","1.16804413498431","1.88067661162563","2.21388157289113"
"41","-260.534","-59.163","-260.186136195942","-58.0154132171436","-0.347863804057624","-1.14758678285636","1.19915163776732"
"42","-253.844","-57.63","-254.001101281727","-58.8653755760563","0.157101281726938","1.23537557605631","1.24532470730998"
"43","95.032","-53.512","94.7962500897524","-53.1178430488176","0.235749910247549","-0.394156951182396","0.459279568832676"
"44","96.157","-47.547","96.5664926590972","-47.6803144881692","-0.409492659097182","0.133314488169155","0.430647176480103"
"45","99.589","-40.405","99.0999094352481","-40.2364366126919","0.489090564751862","-0.168563387308097","0.517323106066291"
"46","100.416","-36.085","100.676844304396","-36.1879536544088","-0.260844304396372","0.102953654408765","0.280426828410098"
"47","103.806","-30.038","103.636100625986","-29.9527008525414","0.169899374013639","-0.0852991474586346","0.190109815231608"
"48","105.224","-26.811","105.347699389652","-26.88170804613","-0.123699389652003","0.0707080461299938","0.142482163051378"
"49","108.957","-21.19","109.016835789323","-21.2315128697275","-0.0598357893225483","0.0415128697275051","0.0728260944776335"
"50","110.454","-19.511","110.407375578895","-19.4720749672691","0.0466244211049514","-0.0389250327308872","0.0607370958844138"
"51","115.23","-14.075","115.36388140904","-14.2115433001341","-0.133881409039788","0.136543300134122","0.191228409233554"
"52","118.567","-11.758","118.492013875457","-11.6654574677982","0.0749861245427184","-0.0925425322018327","0.119109357903833"
"53","122.422","-8.451","122.661282363481","-8.80800953664254","-0.239282363481237","0.357009536642543","0.42978117539847"
"54","126.126","-7.187","126.077329534636","-7.08898187314867","0.0486704653642391","-0.0980181268513336","0.109436590728219"
"55","130.027","-4.598","130.020932279481","-5.18569548345966","0.00606772051858684","0.587695483459659","0.587726806017195"
"56","-148.922","-3.111","-147.205032091899","-2.32344841904222","-1.71696790810071","-0.787551580957783","1.888972284105"
"57","-143.676","0.503","-143.574702711033","0.366278881755355","-0.101297288966776","0.136721118244645","0.170158176195224"
"58","-134.629","7.223","-134.508903709023","7.05995121899278","-0.120096290976932","0.163048781007217","0.202504380432511"
"59","-129.461","10.265","-129.684172741807","10.5746502219459","0.223172741807076","-0.309650221945944","0.381692720177973"
"60","-120.315","17.464","-120.250335902721","17.3742918488214","-0.0646640972790067","0.0897081511786268","0.110584799429199"
"61","-113.703","21.915","-113.753930233699","21.9877591678435","0.0509302336986366","-0.0727591678434898","0.0888132040288766"
"62","-105.557","27.71","-105.536173160965","27.679621190112","-0.020826839035422","0.0303788098879885","0.0368324492047152"
"63","-95.768","34.21","-95.7691856623434","34.2117929811424","0.00118566234337436","-0.00179298114242243","0.0021495526440584"
"64","-89.651","38.175","-89.6336245858929","38.1478611470782","-0.0173754141071072","0.027138852921837","0.0322245613361387"
"65","-80.623","43.65","-80.6361411250141","43.6721472227426","0.0131411250141156","-0.0221472227426176","0.0257524492397856"
"66","-72.139","48.568","-72.1602215710653","48.607295778422","0.0212215710653396","-0.0392957784219661","0.0446599740289839"
"67","-66.369","51.809","-66.3343085188082","51.7433701198748","-0.0346914811917571","0.0656298801252149","0.0742346282574926"
"68","-58.94","55.535","-58.9593676350637","55.575451410717","0.0193676350637517","-0.0404514107170186","0.0448488786588873"
"69","-53.306","58.23","-53.3245748951071","58.2708450696807","0.0185748951071076","-0.0408450696806639","0.044870329232783"
"70","-47.486","60.913","-47.4909073755133","60.9237910216253","0.00490737551326248","-0.0107910216252947","0.011854470977051"
"71","-40.478","63.878","-40.4902139037867","63.9116818040794","0.0122139037866589","-0.0336818040794427","0.0358279691268668"
"72","-33.944","66.246","-33.9531744784297","66.2774936729836","0.00917447842973473","-0.0314936729836433","0.0328027817792688"
"73","-25.678","68.605","-25.7080517395927","68.7037437885845","0.0300517395926541","-0.0987437885845424","0.103215516452583"
"74","-18.409","70.656","-18.4115471144244","70.6672104788425","0.00254711442435251","-0.0112104788424858","0.0114962005796945"
"75","-11.832","72.022","-11.8353704787288","72.0392839059307","0.0033704787288471","-0.0172839059306824","0.0176094727655966"
"76","-5.295","73.154","-5.27161431357136","72.9391755717413","-0.0233856864286377","0.214824428258709","0.216093556836893"
"77","-3.534","73.093","-3.53568233744007","73.1162242579917","0.00168233744006629","-0.0232242579916857","0.0232851115205967"
"78","1.682","73.436","1.6785498124294","73.38324014395","0.00345018757060034","0.052759856049974","0.0528725467959158"
"79","5.572","73.845","5.57934359476759","73.6303363688756","-0.00734359476758595","0.214663631124381","0.214789205761404"
"80","11.425","73.588","11.4121135869355","73.3850248532215","0.0128864130644661","0.202975146778527","0.203383799382922"
"81","15.599","72.772","15.6199395249313","72.9713099844636","-0.0209395249312685","-0.199309984463639","0.200406920068253"
"82","20.73","72.49","20.6940028565682","72.2579278108854","0.0359971434317679","0.232072189114575","0.234847387244735"
"83","23.397","71.314","23.4757466147664","71.6026760754206","-0.0787466147664091","-0.288676075420597","0.299223839052652"
"84","28.082","70.382","28.0402813971179","70.2538139022565","0.0417186028820744","0.128186097743509","0.134803996532524"
"85","32.56","68.489","32.6040714859079","68.5996000691821","-0.0440714859079421","-0.11060006918207","0.119057428047193"
"86","36.976","66.522","36.8795513394369","66.3572421979026","0.0964486605631478","0.164757802097412","0.190912224533673"
"87","40.434","63.977","40.3903425767991","63.8727364478592","0.0436574232009193","0.104263552140836","0.113034768569538"
"88","43.258","61.395","43.3310792405793","61.4620111043825","-0.0730792405792826","-0.0670111043825159","0.0991517196734838"
"89","45.084","59.006","45.3551585702563","59.2546429129753","-0.271158570256304","-0.248642912975328","0.367899807551321"
"90","47.821","56.689","47.5753123286049","56.4953134538161","0.245687671395146","0.193686546183876","0.312852856864386"
"91","49.527","53.631","49.4849860504699","53.6135287340956","0.042013949530066","0.0174712659044474","0.0455018360884353"
"92","50.387","49.952","50.8482624482665","50.0758565597822","-0.461262448266474","-0.12385655978219","0.477601814885435"
"93","51.5","47.843","51.4318910332114","47.8353756967137","0.0681089667886283","0.00762430328630614","0.0685343808436033"
"94","51.521","44.354","51.7972768256417","44.3685310003949","-0.276276825641737","-0.0145310003948893","0.276658696518203"
"95","51.859","41.995","51.9106588729164","41.9882382045673","-0.0516588729163985","0.00676179543268063","0.0520995300215465"
"96","51.505","39.083","51.5267383630462","39.0769752195596","-0.0217383630462393","0.00602478044041277","0.0225578014727784"
"97","50.473","35.884","50.6111217599446","35.8228663126262","-0.138121759944568","0.0611336873737969","0.15104617936943"
"98","49.558","33.239","49.4823113776045","33.2725003302965","0.075688622395468","-0.0335003302965049","0.0827710075455088"
"99","47.594","30.081","47.6863563163395","30.0147668604162","-0.0923563163395187","0.0662331395838081","0.113650859860071"
"100","46.118","27.775","46.0929799996039","27.7929430410859","0.0250200003961183","-0.0179430410859069","0.0307888477087452"
"101","43.434","24.794","43.4396031796098","24.7878884490946","-0.00560317960984236","0.00611155090544102","0.00829136154138451"
"102","40.444","21.995","40.3933329697046","22.0638661894454","0.050667030295358","-0.0688661894454334","0.0854967836101748"
"103","37.762","20.116","37.7550549210434","20.1269671308131","0.00694507895658347","-0.010967130813146","0.0129812202810767"
"104","34.12","17.645","34.021492224042","17.8322415971151","0.0985077759579625","-0.187241597115069","0.211573149559167"
"105","30.869","16.233","30.8867698518759","16.1929818413646","-0.0177698518759435","0.0400181586354336","0.0437860783384822"
"106","26.933","14.301","26.8816377132853","14.4456117804061","0.0513622867147312","-0.144611780406127","0.153462215313073"
"107","22.904","13.011","22.8982002931081","13.0333203326022","0.00579970689187803","-0.0223203326021615","0.0230615230959018"
"108","18.826","11.959","18.8223340681166","11.9743156960358","0.0036659318834289","-0.0153156960358363","0.0157483205973231"
"109","14.611","10.791","14.5713142808573","10.9568007924536","0.0396857191427031","-0.165800792453556","0.170484190123603"
"110","9.918","10.271","9.9315253978459","10.1887368834332","-0.013525397845898","0.0822631165668106","0.0833676000264761"
"111","4.698","10.085","4.7134873012581","9.74084261543608","-0.0154873012581014","0.344157384563921","0.344505677529613"
"112","0.029","9.095","0.0421181620813125","9.56817711354224","-0.0131181620813125","-0.47317711354224","0.473358919802466"
"113","-4.542","9.938","-4.56329627202569","9.72644576451017","0.021296272025694","0.211554235489835","0.212623436516018"
"114","-9.184","9.928","-9.15251122905642","10.1940868349276","-0.0314887709435787","-0.26608683492756","0.267943550803716"
"115","-14.062","11.179","-14.1329636727984","10.8577185083566","0.0709636727984062","0.321281491643362","0.329025287371081"
"116","-18.275","11.303","-18.1486515911668","11.7655889795373","-0.126348408833181","-0.462588979537264","0.479533611339188"
"117","-22.864","13.449","-22.9690522274363","13.127335214594","0.105052227436314","0.321664785406046","0.338384699210305"
"118","-26.261","13.987","-26.183761043052","14.182281574928","-0.0772389569479763","-0.195281574928048","0.210001785651432"
"119","-30.282","15.931","-30.321059354306","15.8557937920617","0.0390593543060085","0.0752062079383098","0.0847443618848038"
"120","-33.7","17.528","-33.661511828218","17.5909489953584","-0.0384881717819638","-0.0629489953583864","0.0737828935712615"
"121","-38.274","20.742","-38.3746786857582","20.6017382868965","0.100678685758169","0.140261713103534","0.172654411842647"
"122","-40.223","21.851","-40.1798056145628","21.9004922284252","-0.0431943854372463","-0.0494922284251729","0.0656904529425006"
"123","-43.441","24.854","-43.4452939608153","24.8499485376091","0.00429396081534605","0.00405146239094734","0.00590359610652592"
"124","-45.354","26.88","-45.3575443586508","26.8766558065173","0.0035443586508066","0.00334419348272519","0.00487299787558431"
"125","-48.337","30.71","-48.1523583071269","30.8200517013581","-0.184641692873122","-0.110051701358145","0.2149509984133"
"126","-48.859","32.259","-48.9704277338252","32.1925859009137","0.111427733825202","0.0664140990863444","0.129718820619334"
"127","-51.243","36.551","-50.8297994680049","36.6860091221377","-0.413200531995074","-0.135009122137745","0.434697760175293"
"128","-51.124","38.391","-51.36152967633","38.3133895648727","0.23752967633002","0.0776104351273261","0.249887428211379"
"129","-52.388","42.333","-51.8929137136999","42.3580639163388","-0.495086286300115","-0.0250639163387731","0.495720315081676"
"130","-51.673","44.822","-51.8952621104938","44.8606500279718","0.222262110493823","-0.0386500279718192","0.2255975851453"
"131","-51.935","48.231","-51.3460400599763","48.1406623690592","-0.588959940023742","0.0903376309407591","0.595847882027584"
"132","-50.584","50.411","-50.8877577557385","50.5694624108181","0.303757755738545","-0.158462410818068","0.34260634818052"
"133","-49.811","53.181","-49.5878655670752","53.0699744529564","-0.22313443292483","0.11102554704361","0.249230109041862"
"134","-48.17","55.792","-48.2208670576848","55.8173100466473","0.0508670576847692","-0.02531004664732","0.0568159838319741"
"135","-46.322","59.266","-45.8618023596956","58.8577095742156","-0.460197640304372","0.408290425784401","0.615209671517703"
"136","-43.518","60.982","-43.7429390220223","61.2124171777156","0.224939022022291","-0.230417177715559","0.32200875673613"
"137","-41.324","64.34","-41.3810206063773","64.5182508104355","0.0570206063773497","-0.178250810435486","0.187148873821213"
"138","-37.916","65.637","-37.898687770179","65.5797264444426","-0.0173122298209805","0.0572735555573587","0.0598328794857501"
"139","-34.099","67.6","-34.2152216004801","67.8819881315557","0.116221600480124","-0.281988131555664","0.304999617633229"
"140","-28.268","70.033","-28.2932394492171","70.1076459836141","0.0252394492171319","-0.0746459836141184","0.0787975422618207"
"141","-23.633","71.368","-23.6873178689052","71.5472411558139","0.0543178689051551","-0.179241155813955","0.187290744085019"
"142","-18.189","72.896","-18.1892151104244","72.8979071206356","0.000215110424395704","-0.00190712063557896","0.00191921380084002"
"143","-13.234","73.009","-13.2838767902477","73.4511964030095","0.0498767902476924","-0.442196403009476","0.445000396673903"
"144","-9.006","73.122","-9.0096404277653","73.4973177587692","0.00364042776530127","-0.375317758769157","0.375335413679308"
"145","-3.625","73.356","-3.60725536149403","73.1110395938311","-0.0177446385059659","0.244960406168858","0.245602265433605"
"146","0.722","73.373","0.71827837838921","73.424376078531","0.00372162161078959","-0.0513760785309501","0.0515106970699508"
"147","3.254","73.182","3.26146989464532","73.2555506671334","-0.00746989464531511","-0.0735506671334036","0.0739290197539562"
"148","10.481","72.321","10.484322902194","72.3386402600132","-0.00332290219398779","-0.0176402600131951","0.0179505000577682"
"149","18.475","70.684","18.479130613024","70.7028389040674","-0.00413061302404572","-0.0188389040674508","0.0192864271034588"
"150","28.398","68.172","28.3755908036237","68.1031620021557","0.0224091963762909","0.0688379978442697","0.0723936601467204"
"151","32.456","66.736","32.4674337123617","66.7711228064446","-0.0114337123616508","-0.0351228064445905","0.0369369910917651"
"152","37.455","65.161","37.4046897851548","65.019419376932","0.0503102148451546","0.141580623068023","0.150253753850263"
"153","42.47","62.994","42.4728281767091","63.0007543095344","-0.00282817670911584","-0.00675430953442913","0.00732251874595521"
"154","50.332","59.836","50.2882720064215","59.7314010533998","0.0437279935784929","0.104598946600191","0.113371411970877"
"155","52.237","58.693","52.3173582450547","58.8622273070775","-0.0803582450546543","-0.16922730707747","0.187337473584321"
"156","60.356","55.086","60.3063365387863","54.9914488700944","0.0496634612137044","0.0945511299055823","0.106800634577457"
"157","68.533","50.64","68.5135494425095","50.6047589419549","0.0194505574904582","0.035241058045095","0.0402524081121537"
"158","77.691","45.446","77.6790756204593","45.4252376471495","0.0119243795406732","0.0207623528505252","0.023942976492486"
"159","88.381","38.959","88.3755076220301","38.9503597045665","0.00549237796990099","0.00864029543355116","0.0102382088737874"
"160","98.086","32.686","98.0765362068125","32.6716384746526","0.00946379318752122","0.0143615253473683","0.0171993253297702"
"161","106.527","27.014","106.518745232851","27.001816739922","0.00825476714875606","0.0121832600780003","0.0147164196327904"
"162","111.726","23.613","111.629862684369","23.4746940987757","0.096137315631367","0.138305901224349","0.168436652098896"
"163","120.306","17.327","120.313483335935","17.337461703116","-0.00748333593519135","-0.0104617031159826","0.0128626415951735"
"164","125.716","13.927","125.50043896368","13.6258498935521","0.215561036320423","0.301150106447938","0.370348412975052"
"165","134.011","7.321","134.037860311092","7.35640974803666","-0.0268603110915535","-0.0354097480366642","0.0444446461112593"
"166","141.263","2.816","140.900556131549","2.30358988696809","0.362443868451436","0.512410113031906","0.627638177388384"
"167","-133.827","-4.039","-133.810715415674","-2.46173937484549","-0.0162845843260015","-1.57726062515451","1.57734468882025"
"168","-128.295","-6.94","-127.999584048665","-6.14715358629625","-0.295415951334917","-0.79284641370375","0.846094569197801"
"169","-124.233","-7.662","-124.320135728156","-7.84805109906569","0.0871357281562979","0.186051099065693","0.205444996495121"
"170","-120.144","-10.977","-119.868784114293","-10.6202169228664","-0.275215885707212","-0.356783077133647","0.450597323421432"
"171","-117.452","-12.14","-117.618595804172","-12.3559706860579","0.166595804172488","0.215970686057883","0.272759049720061"
"172","-113.229","-16.583","-113.044224528823","-16.4210523970216","-0.184775471176664","-0.161947602978351","0.245701039596889"
"173","-110.763","-18.897","-110.825869870071","-18.9521026859395","0.0628698700710402","0.0551026859394632","0.0835998000027069"
"174","-107.14","-23.833","-107.163226555602","-23.847006935725","0.0232265556018945","0.0140069357250212","0.027123184428322"
"175","-105.378","-26.864","-105.352926573058","-26.8488792956823","-0.0250734269415034","-0.0151207043177415","0.0292798981838304"
"176","-102","-32.899","-102.150536947409","-32.9637943022535","0.150536947408682","0.0647943022534676","0.163889213005731"
"177","-99.697","-38.595","-99.7246432318971","-38.6053561560198","0.0276432318971445","0.0103561560198386","0.0295194552325504"
"178","-97.488","-44.562","-97.4936525044549","-44.5637024583876","0.00565250445492893","0.0017024583876335","0.00590331865772254"
"179","-95.449","-51.24","-95.4836245714405","-51.2493863138418","0.0346245714404603","0.00938631384182287","0.0358742781805116"
"180","-93.463","-58.086","-93.463160012514","-58.1719565755775","0.00016001251398734","0.0859565755774554","0.0859567245130213"
"181","257.887","-59.351","257.887977287081","-58.8260144925406","-0.000977287081241229","-0.524985507459427","0.52498641709331"
"182","263.804","-56.042","264.085989265432","-56.9119392172673","-0.281989265431605","0.869939217267337","0.91450105935333"
"183","269.537","-55.347","269.172888529381","-54.5656645187386","0.364111470619093","-0.781335481261443","0.862010613226108"
"184","275.042","-48.745","275.342858782144","-48.9448599741161","-0.300858782143962","0.199859974116087","0.361192491681141"
"185","279.436","-42.636","279.479120571379","-42.6527670557427","-0.0431205713792338","0.016767055742676","0.0462657306691421"
"186","282.581","-34.825","282.512825068631","-34.8135734020204","0.0681749313691284","-0.0114265979796144","0.0691258881214057"
"187","284.177","-24.309","284.091527192102","-24.3103040426976","0.0854728078979292","0.00130404269757989","0.0854827550872889"
"188","283.942","-13.185","283.908726930285","-13.1911966545761","0.0332730697152783","0.00619665457607077","0.0338451724210841"
"189","281.7","-1.606","281.749427999401","-1.59679471051829","-0.0494279994010185","-0.00920528948170962","0.0502778726601391"
"190","276.932","13.591","276.900635692001","13.5750594125701","0.0313643079994677","0.0159405874298546","0.0351826966546669"
"191","269.143","28.684","269.205521918754","28.7157761231076","-0.0625219187537596","-0.0317761231076332","0.070133532097016"
"192","259.134","43.915","258.799287941524","43.6783730993765","0.334712058475759","0.236626900623499","0.409907858167861"
"193","246.351","56.565","246.699064479021","56.8873009068895","-0.348064479020991","-0.322300906889524","0.47436985163263"
"194","232.268","70.389","231.740199920509","69.7521005875032","0.527800079490788","0.636899412496788","0.827172161976717"
"195","215.298","80.321","215.521326115759","80.6602363409762","-0.223326115759392","-0.339236340976242","0.406147570495167"
"196","197.094","90.276","196.902158137592","89.8703128847696","0.191841862407784","0.405687115230407","0.448759774975495"
"197","180.044","95.267","180.140785135367","95.5581230093412","-0.0967851353673268","-0.291123009341192","0.306789779810122"
"198","163.263","100.284","163.157936748924","99.85720659089","0.105063251076217","0.426793409109962","0.439534868680981"
"199","149.587","101.013","149.698879406934","101.815953112888","-0.111879406934207","-0.802953112888289","0.810709999440579"
"200","135.87","103.519","135.839713858085","102.555405699148","0.0302861419150418","0.963594300851838","0.964070135947713"
"201","123.029","101.079","122.992529102924","102.359371203956","0.0364708970761853","-1.28037120395572","1.2808905285982"
"202","112.949","102.479","113.023527435484","101.671016526324","-0.0745274354837733","0.807983473675563","0.811413354815298"
"203","103.379","99.464","103.237065042148","100.620590410044","0.141934957851674","-1.156590410044","1.16526688310709"
"204","93.736","99.881","93.8973220530983","99.099377825229","-0.161322053098345","0.78162217477103","0.798096503506725"
"205","85.187","95.881","84.8909190650606","97.1166442115076","0.296080934939383","-1.2356442115076","1.27062210647652"
"206","78.014","95.949","78.1551926523717","95.427971091093","-0.1411926523717","0.521028908907041","0.539820793412608"
"207","70.743","92.738","70.571561641831","93.3952828698988","0.171438358168956","-0.657282869898808","0.67927305387015"
"208","62.515","91.56","62.6210707378165","91.2025722559251","-0.106070737816452","0.357427744074911","0.372834539246845"
"209","56.75","88.65","56.5359277645313","89.3013908185987","0.214072235468699","-0.651390818598728","0.685665312345087"
"210","49.306","87.196","49.4283777812065","86.8526049993055","-0.122377781206524","0.343395000694457","0.36454965071301"
"211","45.073","84.572","44.8296398869438","85.4166984647644","0.243360113056198","-0.84469846476442","0.879056107994304"
"212","39.328","83.961","39.3961185531765","83.7505086082551","-0.0681185531764896","0.210491391744881","0.221239154051798"
"213","33.453","82.255","33.4968390784774","82.0841989129269","-0.0438390784774327","0.170801087073059","0.176337392934934"
"214","27.674","80.919","27.7500601785496","80.619878680735","-0.076060178549632","0.29912131926497","0.308640104976359"
"215","22.253","79.118","22.2404585133218","79.165263668771","0.0125414866781597","-0.0472636687710093","0.0488993177231967"
"216","17.116","78.077","17.1169089640689","78.0727521118886","-0.000908964068862872","0.00424788811136523","0.00434404984837442"
"217","12.849","77.119","12.8407124178597","77.157730597668","0.00828758214031922","-0.038730597668021","0.0396073631217057"
"218","7.226","76.246","7.30274489673554","75.9089417794364","-0.0767448967355389","0.337058220563591","0.345684861144429"
"219","3.105","75.43","3.16023012293126","75.1265306808007","-0.0552301229312575","0.303469319199294","0.308454201096832"
"220","-4.058","74.099","-3.97751160716545","73.7348874246006","-0.080488392834547","0.364112575399389","0.37290259981001"
"221","-5.371","73.564","-5.37245211713281","73.6064358197125","0.00145211713280879","-0.0424358197124803","0.0424606575412762"
"222","-11.498","72.177","-11.487168516469","72.1214954956568","-0.0108314835310406","0.0555045043431619","0.0565514901471507"
"223","-18.067","70.819","-18.0540268749763","70.7619382011472","-0.0129731250236986","0.0570617988527715","0.0585179533236995"
"224","-25.409","69.026","-25.4300775408313","69.1231384749268","0.0210775408313353","-0.0971384749267798","0.0993989237295719"
"225","-32.585","67.237","-32.5691188350753","67.1837003700578","-0.0158811649246715","0.0532996299421598","0.0556153032117581"
"226","-40.366","64.668","-40.411955793953","64.8200342408441","0.0459557939530129","-0.15203424084406","0.158828037156169"
"227","-42.541","64.335","-42.4864972400275","64.1646201714907","-0.0545027599724932","0.170379828509269","0.178884982062405"
"228","-51.029","61.356","-50.9994640338168","61.2764157349485","-0.0295359661832464","0.0795842650514871","0.0848883298349262"
"229","-55.595","59.648","-55.5397155817275","59.5201753786024","-0.0552844182725067","0.12782462139765","0.139267730430212"
"230","-64.787","55.383","-64.7836756763069","55.3760214196805","-0.0033243236931213","0.00697858031954723","0.00772992311042093"
"231","-72.727","51.27","-72.7115871950289","51.2426617804222","-0.0154128049711062","0.0273382195777856","0.031383639157379"
"232","-77.864","48.493","-77.7405939849082","48.2913012936917","-0.12340601509176","0.201698706308321","0.236455942380981"
"233","-86.145","42.811","-86.1287275254973","42.7881967314493","-0.0162724745027418","0.0228032685507245","0.0280139694266779"
"234","-94.654","36.238","-94.6290909234499","36.20711108639","-0.0249090765500739","0.0308889136100419","0.0396810670041277"
"235","-102.15","29.427","-102.148227757271","29.4250783276038","-0.00177224272918863","0.00192167239619678","0.00261412874385839"
"236","-107.384","23.898","-107.368589897779","23.8835015246195","-0.0154101022213382","0.0144984753804884","0.0211583798725404"
"237","188.031","29.762","187.989560867919","29.7481796579329","0.0414391320811376","0.0138203420670635","0.0436829889372123"
"238","186.057","36.344","185.8165386357","36.2638038631208","0.24046136429962","0.080196136879195","0.253481928529789"
"239","183.563","43.828","183.516153397631","43.8137747226305","0.0468466023691008","0.014225277369512","0.0489587854196587"
"240","180.967","51.306","180.879983121605","51.2729635009361","0.087016878394877","0.033036499063904","0.0930771045745846"
"241","178.449","59.045","177.990853986076","58.8613677017709","0.458146013923596","0.183632298229092","0.49357734047156"
"242","175.274","66.393","175.013848730453","66.2887271829016","0.260151269547379","0.104272817098376","0.280270411268732"
"243","171.617","75.152","171.199840767353","74.9401724774814","0.417159232647435","0.211827522518576","0.467859727567307"
"244","168.113","82.109","167.673051332905","81.8856003269434","0.439948667094541","0.223399673056619","0.493418933159306"
"245","162.799","91.17","162.787988132283","91.1632369342214","0.0110118677169169","0.00676306577857133","0.0129228591782221"
"246","159.089","99.091","158.239490930777","98.5692641907497","0.849509069222904","0.521735809250274","0.996932251131441"
"247","151.916","106.802","152.311910902181","107.083264236182","-0.395910902180873","-0.281264236181698","0.485649063646319"
"248","148.011","115.558","146.623038041459","114.470681236804","1.38796195854121","1.08731876319624","1.76315072842799"
"249","138.504","122.547","139.345967530913","123.257348197994","-0.841967530912768","-0.710348197993866","1.10159152388918"
"250","131.543","133.403","130.483236864969","132.317840195458","1.05976313503118","1.08515980454163","1.51679586753259"
"251","120.982","140.175","121.615084449209","140.837197608139","-0.633084449208923","-0.662197608139081","0.916134046990551"
"252","114.043","149.899","112.615138366955","147.957136814052","1.42786163304548","1.94186318594771","2.41031563826448"
"253","102.045","153.629","102.745345014162","154.7027753387","-0.700345014162011","-1.07377533870036","1.28198151970403"
"254","91.402","163.872","90.4701925933098","162.290849774964","0.931807406690169","1.58115022503588","1.8352931856501"
"255","77.337","167.694","77.8266651679159","168.791375276512","-0.489665167915859","-1.09737527651231","1.20166737251643"
"256","65.755","175.639","65.1406080774708","173.968821982053","0.614391922529236","1.67017801794682","1.77959884415054"
"257","48.226","177.647","48.6349809772338","179.195003974139","-0.408980977233846","-1.54800397413902","1.60111890366998"
"258","36.486","183.718","36.1790437932535","182.067018280322","0.306956206746484","1.6509817196775","1.67927447177925"
"259","21.69","183.044","21.8380914296453","184.387513897909","-0.148091429645255","-1.34351389790902","1.35165108863533"
"260","1.497","188.353","1.46411834365461","185.774039569242","0.0328816563453886","2.57896043075783","2.57917004223038"
"261","-15.339","183.431","-15.4774417555883","185.068847705582","0.138441755588342","-1.63784770558237","1.64368829963951"
"262","-31.775","184.939","-31.4680378212695","183.018977398611","-0.306962178730544","1.92002260138946","1.94440545386433"
"263","-45.458","178.461","-45.8399380726889","180.068326679564","0.381938072688911","-1.60732667956356","1.65208224559376"
"264","-60.069","178.268","-59.3625415713126","176.190647239065","-0.706458428687391","2.07735276093473","2.19419187967384"
"265","-72.556","169.49","-73.1833026870581","170.891034874724","0.627302687058105","-1.40103487472399","1.53505940646712"
"266","-88.122","165.841","-87.2214446370223","164.13893369091","-0.900555362977698","1.70206630909033","1.92562449151652"
"267","-98.909","155.335","-99.8425572946458","156.784701193921","0.933557294645837","-1.44970119392084","1.72428616361727"
"268","-113.068","149.526","-112.111611187059","148.235911554773","-0.956388812941356","1.29008844522733","1.60592893928356"
"269","-122.546","137.936","-123.546033807565","139.142682265808","1.00003380756544","-1.20668226580761","1.56721080486591"
"270","-133.34","131.616","-132.318642011241","130.626816610581","-1.02135798875935","0.989183389419196","1.42184947132437"
"271","-138.663","121.233","-139.8863253514","122.308142519418","1.22332535139995","-1.07514251941832","1.62863634751254"
"272","-147.545","115.164","-146.67148649066","114.423809719845","-0.873513509340171","0.740190280154721","1.1449486896081"
"273","-151.876","105.688","-152.880241558069","106.395580256742","1.00424155806945","-0.707580256741736","1.22848318127863"
"274","-159.035","99.227","-158.115136276034","98.6388609691183","-0.919863723965506","0.588139030881678","1.09181353275829"
"275","-162.7","87.815","-164.103662922231","88.5878132614343","1.40366292223067","-0.772813261434308","1.60234513644653"
"276","-169.565","79.746","-169.015003123659","79.4551036386898","-0.549996876340771","0.290896361310175","0.622187477379692"
"277","-172.183","70.369","-173.274557231309","70.8975327835679","1.09155723130908","-0.528532783567897","1.21278361323411"
"278","-177.717","61.391","-177.265958180014","61.2147665794048","-0.451041819986443","0.176233420595203","0.484248842963376"
"279","-178.964","54.812","-179.805847063303","55.1675150793403","0.841847063302851","-0.355515079340279","0.913836664634309"
"280","-182.859","47.2","-182.697673435615","47.1448825084384","-0.161326564384552","0.0551174915616528","0.170482252015194"
"281","-183.6","40.638","-184.683356229421","40.9828924393014","1.08335622942104","-0.344892439301397","1.13693074305898"
"282","-187.455","33.256","-186.920390126602","33.1113488866647","-0.534609873398125","0.144651113335271","0.553833604364969"
"283","-187.307","27.178","-188.548577040159","27.553874248552","1.2415770401588","-0.375874248552005","1.29722588525439"
"284","105.186","26.306","105.928442967662","27.4017760049564","-0.742442967661901","-1.09577600495641","1.32361120170118"
"285","98.362","33.025","98.3324195469857","32.9940915712828","0.0295804530142902","0.0309084287172467","0.0427824048681202"
"286","93.965","36.741","93.9610091813159","36.7362229114325","0.0039908186841302","0.00477708856747938","0.00622472561251859"
"287","85.016","43.76","84.9645348564392","43.6903404792721","0.0514651435607618","0.0696595207279458","0.086608947746621"
"288","76.26","49.325","76.222497727221","49.2584250646823","0.0375022727790508","0.066574935317675","0.0764110101761974"
"289","68.237","53.802","68.1767777495327","53.684964044381","0.0602222504672483","0.117035955619016","0.131621177471547"
"290","62.7","56.348","62.7378192400738","56.4376486323763","-0.0378192400737873","-0.0896486323763028","0.0972993946882521"
"291","56.021","59.336","55.9940245710304","59.266683571653","0.0269754289695854","0.0693164283469514","0.0743803805238397"
"292","49.382","61.882","49.3678716560819","61.8431866916834","0.0141283439180526","0.0388133083166196","0.0413047576478515"
"293","43.806","64.115","43.7265294079292","63.8966788287403","0.0794705920708196","0.218321171259682","0.232335337011583"
"294","39.417","65.503","39.3625136577045","65.3308145882361","0.0544863422955331","0.17218541176392","0.18060060221676"
"295","34.693","66.859","34.6663195031192","66.7602520231713","0.0266804968808358","0.0987479768287045","0.102288864699784"
"296","28.127","68.59","28.099630322884","68.4713454089894","0.0273696771159493","0.118654591010568","0.121770321479893"
"297","20.708","70.25","20.6940324999105","70.1945059118485","0.0139675000895174","0.0554940881514767","0.0572248624158638"
